date,sales,market_trend
2020-01-01,152.0,-0.04015795064434341
2020-01-02,142.1330459760538,-1.4709330527623916
2020-01-03,64.26608926211995,-1.3428286378516023
2020-01-04,156.39912716832282,-2.0238802953264834
2020-01-05,121.53215700501106,-1.1832367463377593
2020-01-06,70.6651760828695,-1.8358607256401502
2020-01-07,152.7981817130313,-2.28204415885493
2020-01-08,171.93117120719015,-4.171584889800461
2020-01-09,125.06414187771199,-4.623891209049538
2020-01-10,138.19709103774719,-7.047770535678495
2020-01-11,167.3300160013425,-8.631673359164218
2020-01-12,150.46291408355296,-7.871258703019921
2020-01-13,154.5957826005538,-7.0854585443690885
2020-01-14,181.7286188697523,-6.6600009825841235
2020-01-15,200.86142020989945,-7.626977125713337
2020-01-16,103.99418394120184,-7.674688481855316
2020-01-17,53.12690738543325,-7.678291020945885
2020-01-18,139.25958786604625,-8.836655710138427
2020-01-19,89.39222270828377,-7.333257408371276
2020-01-20,181.52480923929053,-6.455895117795604
2020-01-21,72.65734478822444,-6.676859291625268
2020-01-22,109.78982668636787,-6.6499734526307375
2020-01-23,73.92225226723892,-6.441590644683185
2020-01-24,141.05461886670247,-8.483325513107475
2020-01-25,101.18692382308116,-8.730502895628073
2020-01-26,111.31916447726648,-9.41248714362587
2020-01-27,67.45133817282942,-10.414107153520787
2020-01-28,103.58344225613114,-10.69520744640674
2020-01-29,160.7154740764337,-8.897520919557218
2020-01-30,107.84743098601044,-8.256678058290209
2020-01-31,116.97931034025625,-8.827857048073007
2020-02-01,184.11110949779788,-8.255274266716848
2020-02-02,104.242825820604,-6.855918830130846
2020-02-03,188.374456674095,-5.931285147218077
2020-02-04,74.50599942725299,-5.871654777297903
2020-02-05,126.6374514527312,-6.518591555003477
2020-02-06,71.76881012696366,-5.820368241389887
2020-02-07,185.90007283027444,-5.426882855968137
2020-02-08,143.03123694698675,-4.531689635940405
2020-02-09,114.16229986553215,-3.896517834258436
2020-02-10,68.29325897855912,-2.8469651189391008
2020-02-11,63.42411168304191,-3.3822003304996686
2020-02-12,144.55485538038886,-2.064806264865343
2020-02-13,107.68548747655082,-1.8672066601729433
2020-02-14,184.81600538212913,0.20805421245232214
2020-02-15,138.94640651248366,-0.4811336056372457
2020-02-16,147.07668828784034,1.2548301975280036
2020-02-17,166.20684813339878,1.4527409809906513
2020-02-18,63.3368834794396,0.801322977376203
2020-02-19,90.46679176143138,0.3174371433218814
2020-02-20,136.59657042013762,-0.0029101648724387807
2020-02-21,105.72621690172342,0.4212557815294776
2020-02-22,159.85572865786176,0.9440912695649772
2020-02-23,187.9851031458398,0.37039126562639824
2020-02-24,58.11433782866486,0.3460366733654154
2020-02-25,190.2434301751701,2.488307031977279
2020-02-26,110.37237766011988,4.21585020207799
2020-02-27,162.50117776431526,4.652173871752023
2020-02-28,60.62982797469872,4.690177349920223
2020-02-29,110.75832578445899,4.810208676638484
2020-03-01,202.88666869313553,5.423726649368901
2020-03-02,101.01485420672269,4.400934084170496
2020-03-03,71.14287983777362,4.143557546747151
2020-03-04,152.270743105504,2.4749734728695616
2020-03-05,105.39844153589534,2.874196595474841
2020-03-06,72.52597266179811,3.521392535177582
2020-03-07,97.65333402303452,3.038206072878208
2020-03-08,139.78052316650113,4.612192836168241
2020-03-09,168.9075376462709,3.3864271731658997
2020-03-10,111.03437502369529,1.9220522929560795
2020-03-11,82.16103286750585,2.1465041115160517
2020-03-12,182.2875087539154,3.1936024141282062
2020-03-13,99.41380026671918,4.877530105586075
2020-03-14,73.53990499739547,4.418645842717135
2020-03-15,103.66582054520597,5.497326676148431
2020-03-16,123.79154451729585,5.458818206647724
2020-03-17,147.91707452879342,5.286190906706904
2020-03-18,130.0424082029096,6.169850844193576
2020-03-19,68.16754317103684,6.822173722606996
2020-03-20,147.2924770728479,5.245781565622746
2020-03-21,188.4172075563943,6.722321915348642
2020-03-22,195.54173227820405,8.102413269496093
2020-03-23,122.66604890337959,7.476850567986564
2020-03-24,198.79015510569496,7.872654101423973
2020-03-25,140.9140485676928,8.366684287706711
2020-03-26,196.03772698078072,8.627358053530617
2020-03-27,93.16118804532783,8.077052899685198
2020-03-28,183.28442947076033,7.405429531747146
2020-03-29,65.40744897565696,7.3798754607557004
2020-03-30,101.53024428784425,8.552604480015065
2020-03-31,88.65281314449102,9.096204634609498
2020-04-01,195.77515329220273,8.725590302523392
2020-04-02,132.89726248711548,9.497289013171736
2020-04-03,73.01913849498928,6.6487463925416606
2020-04-04,94.14077909130144,7.797512092913764
2020-04-05,109.26218206133906,6.057798314135664
2020-04-06,123.38334520029143,5.695357372732532
2020-04-07,98.50426631334184,4.5756874781063885
2020-04-08,160.6249432157591,3.2810060023854826
2020-04-09,165.74537373298844,4.4418327897640015
2020-04-10,96.86555570074238,3.97413158845211
2020-04-11,162.9854869650907,4.320635470182825
2020-04-12,193.10516538255027,4.273714891303642
2020-04-13,63.22458882017435,4.750755718526763
2020-04-14,67.34375515564155,4.827577609587019
2020-04-15,204.46266227734415,3.5445853853984493
2020-04-16,165.5813080844762,4.5408522048455895
2020-04-17,89.69969048712103,4.047095621684277
2020-04-18,199.81780740633823,2.490513723024526
2020-04-19,77.93565677425049,2.0623985620586134
2020-04-20,153.0532365341296,3.5631583526929242
2020-04-21,105.1705446404822,4.413380094806417
2020-04-22,187.2875790591351,4.0647279603985575
2020-04-23,126.40433776731994,3.715470256080129
2020-04-24,159.5208187537575,3.3938352048627465
2020-04-25,115.63702001874158,5.470583188423587
2020-04-26,159.7529395742222,5.85251864065514
2020-04-27,195.86857544388866,6.28256028784621
2020-04-28,206.98392566325163,7.312843741878052
2020-04-29,93.09898827972522,7.551632900904566
2020-04-30,100.21376135270825,7.292590755083863
2020-05-01,77.32824295366513,7.096240905998885
2020-05-02,135.44243116620623,7.024639646584821
2020-05-03,150.55632408616776,6.987417410074979
2020-05-04,92.66991982169112,7.715046953711959
2020-05-05,130.78321649330164,7.766992839519259
2020-05-06,109.89621223398701,8.499632916734837
2020-05-07,127.0089051892751,8.418916336626255
2020-05-08,199.1212935173111,8.497551526942345
2020-05-09,93.23337538893438,6.499350842410237
2020-05-10,93.3451489877547,7.415678517112719
2020-05-11,173.4566125102279,7.762166993010712
2020-05-12,109.56776416573103,8.760177102870363
2020-05-13,149.67860217663699,5.863921724676674
2020-05-14,95.78912477838857,7.952296429457402
2020-05-15,140.89933021957202,7.812706801302228
2020-05-16,194.00921676199005,8.920889618039745
2020-05-17,158.11878268073423,7.8809836909142135
2020-05-18,195.2280262642568,8.493757595976783
2020-05-19,187.33694581444217,7.440342032803127
2020-05-20,93.44553964667755,6.816573072107322
2020-05-21,187.5538060899231,8.730604425974107
2020-05-22,182.66174348678175,8.53992202521076
2020-05-23,69.76935019356807,8.757354898390483
2020-05-24,169.8766245803769,9.627422629079238
2020-05-25,203.98356503115122,10.123104517051843
2020-05-26,129.09016994374946,10.273523422195419
2020-05-27,118.19643773001236,10.638484424661645
2020-05-28,126.30236681582902,13.04190000989992
2020-05-29,185.4079556412026,12.984281212866334
2020-05-30,163.51320266031527,13.1853802595813
2020-05-31,180.61810634159264,14.236034655588913
2020-06-01,129.72266516776767,15.341560588546898
2020-06-02,119.82687763594367,16.52859089410728
2020-06-03,79.93074225765719,17.167321116136463
2020-06-04,107.03425755893987,16.02431620340598
2020-06-05,198.13742208037996,17.657747735707076
2020-06-06,199.24023437718301,16.51140234268839
2020-06-07,181.34269301923229,16.81403780792742
2020-06-08,169.4447965911481,16.059761957908062
2020-06-09,181.5465436923471,15.99562361131507
2020-06-10,149.64793293710025,16.32438602161855
2020-06-11,181.74896295459095,16.645743237068825
2020-06-12,70.849632388972,17.06766399130411
2020-06-13,198.949939899422,18.681375260362756
2020-06-14,123.04988416020134,19.134909561876736
2020-06-15,156.1494638607075,18.89075292658609
2020-06-16,198.24867770552953,19.854840094874447
2020-06-17,216.34752441450215,21.04431058379909
2020-06-18,195.4460027227589,19.816702768662097
2020-06-19,199.54411138078513,20.414102838511955
2020-06-20,122.64184915446985,21.115275580822853
2020-06-21,137.73921482515732,20.81771207746286
2020-06-22,192.8362071896976,22.19341889077448
2020-06-23,214.93282506049692,22.043363303741955
2020-06-24,108.0290672655671,22.168939757213497
2020-06-25,94.1249326485743,21.995867932929627
2020-06-26,139.22042006888734,22.011446980511096
2020-06-27,186.31552840162507,20.915171893615895
2020-06-28,168.41025653770345,19.4751210110216
2020-06-29,209.5046033838816,21.06962607424657
2020-06-30,214.59856786280739,20.222664725928244
2020-07-01,167.6921489130624,19.231272376471935
2020-07-02,194.7853454892061,17.077882262868222
2020-07-03,140.87815656181937,16.43892051517872
2020-07-04,163.9705811175475,15.115830721771221
2020-07-05,74.06261815914239,16.757845881907592
2020-07-06,219.15426670550403,17.767662971250225
2020-07-07,218.24552579172143,17.0795126260725
2020-07-08,161.33639446911292,19.33194843141681
2020-07-09,218.42687180526545,20.313713918408403
2020-07-10,219.51695688407375,19.98888253489978
2020-07-11,167.60664880577826,17.489476820026205
2020-07-12,123.69594668700275,19.780419392616945
2020-07-13,199.78484966079102,18.39084692585335
2020-07-14,110.87335687664321,16.745448178896456
2020-07-15,153.961467500551,17.768018610906097
2020-07-16,176.04918071503266,20.20777101724537
2020-07-17,201.13649571916685,21.592043835755888
2020-07-18,83.223411728626,22.155952955808246
2020-07-19,114.3099279757093,22.750707297473532
2020-07-20,171.39604370937437,23.60412285625384
2020-07-21,79.48175819526861,24.363051446040608
2020-07-22,216.56707071575997,24.644242870009982
2020-07-23,162.65198056996667,24.74844397396186
2020-07-24,184.73648707378652,24.685850846062337
2020-07-25,132.8205895599254,23.93188625719566
2020-07-26,185.90428737792496,23.651211180328886
2020-07-27,74.98757989418995,21.958254366133502
2020-07-28,202.0704664920144,21.859914739338752
2020-07-29,121.15294657160743,20.871323632187835
2020-07-30,213.23501955011824,19.767734314972063
2020-07-31,110.31668486166038,19.947628466125543
2020-08-01,82.39794195733532,21.339630752470143
2020-08-02,172.47879030525536,22.257947358472457
2020-08-03,220.55922939056572,20.68744675484928
2020-08-04,121.63925871546613,19.69781861827894
2020-08-05,204.71887779923142,20.638589806267156
2020-08-06,221.79808617823164,19.656102412728846
2020-08-07,127.87688340595138,19.43146926273182
2020-08-08,193.95526905300832,19.98152136175637
2020-08-09,190.03324270717124,19.013176906892735
2020-08-10,149.11080397337702,19.118552413038696
2020-08-11,187.18795247374726,17.78452691812049
2020-08-12,178.26468784760397,17.183159274169277
2020-08-13,158.3410097514846,17.502941208311814
2020-08-14,186.41691785915629,15.909947474780145
2020-08-15,173.49241186162962,16.350422212740543
2020-08-16,167.56749146717138,16.330784413813863
2020-08-17,220.6421564013166,16.88327436823101
2020-08-18,202.71640640688034,17.10718850229567
2020-08-19,184.790241243968,18.471328932269515
2020-08-20,156.86366068998566,18.59655343491742
2020-08-21,128.93666453964912,18.16714789379217
2020-08-22,143.00925260499255,18.28944539682445
2020-08-23,108.08142471537634,18.83274342586084
2020-08-24,217.15318071749417,18.881603496186546
2020-08-25,96.22452047537939,18.92219518739043
2020-08-26,123.29544387041074,18.220203499583672
2020-08-27,223.36595080131724,17.557302582032722
2020-08-28,203.43604118418244,16.15469731023303
2020-08-29,211.505714952448,17.904274053419968
2020-08-30,210.57497205691607,16.660410818028684
2020-08-31,220.64381246575203,15.967505620232776
2020-09-01,203.7122361644852,15.249098354663579
2020-09-02,108.78024315600969,16.14402273160802
2020-09-03,190.84783346058433,15.84907305331599
2020-09-04,194.91500711583166,17.096815125989725
2020-09-05,97.98176417673659,16.423324501745856
2020-09-06,114.04810471564384,16.70231866396966
2020-09-07,185.11402882225516,15.866971610709902
2020-09-08,127.17953660362546,18.01212073848329
2020-09-09,84.24462818415837,16.824522319453777
2020-09-10,103.3093037056011,17.134343029680803
2020-09-11,103.37356332703847,17.768119910612903
2020-09-12,97.43740722488631,18.1819190080644
2020-09-13,106.50083559288417,17.996631349186693
2020-09-14,173.56384864208712,17.866810649453267
2020-09-15,104.62644660085708,17.910622121432375
2020-09-16,187.68862971485322,17.763620119803885
2020-09-17,137.7503982470217,18.727499236598796
2020-09-18,124.8117524775849,20.938022238190147
2020-09-19,223.87269270402945,20.380530453182313
2020-09-20,80.93321924109411,19.010727473603236
2020-09-21,111.99333242075646,18.922445425251983
2020-09-22,126.05303259221918,21.5021547629063
2020-09-23,94.11232012189544,20.69848019493657
2020-09-24,123.17119539339366,22.33759700038064
2020-09-25,194.2296588075015,24.01529781445708
2020-09-26,83.2877107821692,23.461709572749086
2020-09-27,176.3453517524921,24.030692651934363
2020-09-28,201.40258217069263,25.6590892750629
2020-09-29,114.45940250610118,25.27996153407541
2020-09-30,101.51581324513701,25.07638117397305
2020-10-01,170.57181489128757,24.494700260024405
2020-10-02,123.62740796508761,23.47994352933154
2020-10-03,172.68259300409767,22.830665984265533
2020-10-04,176.73737056288147,21.606725717503277
2020-10-05,193.7917412129829,21.640809185762503
2020-10-06,144.8457055429022,20.87083595470386
2020-10-07,205.89926415807142,21.104621866494607
2020-10-08,95.95241768082919,19.54872622029098
2020-10-09,103.00516675039474,19.87960645250544
2020-10-10,132.0575120228414,20.71313541411436
2020-10-11,136.1094541710691,18.719399771542907
2020-10-12,145.16099388477642,19.09345634139048
2020-10-13,182.2121318704319,20.32112533386377
2020-10-14,102.2628688512444,19.111484315172564
2020-10-15,192.31320556713325,20.78405670201027
2020-10-16,110.36314277469711,21.203075711376314
2020-10-17,164.4126812471827,20.498063855617907
2020-10-18,205.46182177445243,20.4422947779602
2020-10-19,208.51056516295154,21.00062169048192
2020-10-20,95.55891223567448,21.076627081894333
2020-10-21,182.6068638321306,21.615383074340702
2020-10-22,215.65442080830923,20.694709481261334
2020-10-23,121.70158403664392,20.864070305297414
2020-10-24,117.74835440597614,19.450355808392434
2020-10-25,104.79473282151824,19.339129747043735
2020-10-26,177.84072020481568,18.435222105578944
2020-10-27,128.8863174937087,17.699692162989177
2020-10-28,91.93152564229322,18.935785338199615
2020-10-29,138.97634562088106,20.027095458793884
2020-10-30,214.02077841595948,20.63623357970106
2020-10-31,136.06482503015013,19.543920815028482
2020-11-01,115.10848648216722,19.22751236533368
2020-11-02,99.15176380677515,20.440610065312864
2020-11-03,144.19465805474528,20.582326978952768
2020-11-04,87.23717029281224,22.901656518934463
2020-11-05,223.2793016036294,23.294974358328833
2020-11-06,221.3210530857238,23.487023474818866
2020-11-07,194.36242585345036,23.177907010616366
2020-11-08,222.40342103694547,23.31144791539865
2020-11-09,171.44403978207984,23.158978079018105
2020-11-10,177.48428325041084,23.867086755706694
2020-11-11,145.52415261913393,24.823789072501278
2020-11-12,111.56364908103384,24.03779961199333
2020-11-13,165.60277384443467,22.706566658435552
2020-11-14,130.64152813314962,20.870361285332255
2020-11-15,142.67991318642996,21.378352612244797
2020-11-16,204.71793025891344,20.27498600607092
2020-11-17,229.755580620572,18.122095413118437
2020-11-18,137.79286555665874,18.5106740176494
2020-11-19,137.82978636765458,21.00367353508219
2020-11-20,165.86634436921378,20.997602623542296
2020-11-21,128.90254089210939,21.83609339799394
2020-11-22,149.9383772821776,21.917922756541504
2020-11-23,94.97385490026183,21.81903310335036
2020-11-24,134.00897512215582,22.73810958633813
2020-11-25,181.04373933854643,22.447835042149478
2020-11-26,88.07814895495571,22.71522735622138
2020-11-27,133.11220539168224,23.036925162417393
2020-11-28,140.14591008374205,22.368834708774344
2020-11-29,188.17926448080865,23.360877058310866
2020-11-30,85.21227004715283,23.185917301615458
2020-12-01,183.2449282615815,22.430172142122615
2020-12-02,86.27724061737608,22.966681985693018
2020-12-03,189.3092086222304,22.068214003901982
2020-12-04,196.34083379818765,22.09639516127111
2020-12-05,174.37211768157718,22.087276164626907
2020-12-06,127.40306182295032,23.173171730458485
2020-12-07,179.43366778701585,23.647869963338437
2020-12-08,135.4639371525748,23.622843004593292
2020-12-09,132.49387151245455,24.44060930379358
2020-12-10,224.5234724734426,25.83081685281089
2020-12-11,93.55274165621955,26.388627159162752
2020-12-12,194.58168069529157,26.398979779006133
2020-12-13,204.61029123892223,25.087143546655973
2020-12-14,186.63857494906392,24.0220298835806
2020-12-15,227.66653350128854,23.716805179225933
2020-12-16,225.69416858471766,23.10729297706665
2020-12-17,200.7214819019522,22.920321674081205
2020-12-18,143.74847516900132,22.976971598978313
2020-12-19,99.77515011521115,23.506664353335044
2020-12-20,172.80150848319255,23.436165575275954
2020-12-21,138.82755202874856,23.922667219102156
2020-12-22,170.85328252080114,23.987141633912277
2020-12-23,197.8787017413177,22.011675067558407
2020-12-24,142.90381148523653,21.072339673739652
2020-12-25,103.92861356039222,20.928252118018037
2020-12-26,207.95310978744024,19.71855737517693
2020-12-27,217.97730199978105,20.318486105173132
2020-12-28,221.00119204348383,21.849236937516828
2020-12-29,210.0247817772094,23.067998789214144
2020-12-30,139.0480730721328,22.854555918283936
2020-12-31,203.07106781186548,24.345282055133886
2021-01-01,82.0937678923765,24.493949512336
2021-01-02,115.1161752219138,24.15686354121796
2021-01-03,177.13829172092457,23.54346087767702
2021-01-04,207.16011932197517,23.240991191188893
2021-01-05,199.18165996967076,22.852814372647664
2021-01-06,129.20291562057406,23.02323059502315
2021-01-07,170.22388824312395,23.183804576073015
2021-01-08,198.2445798175535,23.18685059622643
2021-01-09,210.26499233580725,23.62378876597278
2021-01-10,97.28512780145836,24.814435040759122
2021-01-11,150.3049882296251,25.763989176200447
2021-01-12,103.32457564688684,24.279091207750543
2021-01-13,174.34389209119962,21.725170072848588
2021-01-14,157.3629396118112,22.659489984087863
2021-01-15,225.38172026917576,21.292611285672443
2021-01-16,167.40023613486784,21.06784588377976
2021-01-17,110.4184892914963,19.897732857720403
2021-01-18,150.43648183261723,18.095752420140382
2021-01-19,128.45421586264698,18.63721514834517
2021-01-20,175.47169349677424,19.396370308647818
2021-01-21,225.48891686087205,18.8198599079211
2021-01-22,166.5058880914092,16.22881761577619
2021-01-23,120.52260933536105,15.682573167523708
2021-01-24,181.53908275012034,16.074377172926255
2021-01-25,114.55531050340697,14.595465604152126
2021-01-26,182.57129477317795,14.778825523931282
2021-01-27,104.5870377475364,14.763515674758287
2021-01-28,91.6025416246406,15.342807174359375
2021-01-29,150.6178086126122,15.462387542773529
2021-01-30,181.6328409294443,14.489318601891974
2021-01-31,115.64764080290907,15.685890103556465
2021-02-01,219.66221047046474,15.527360530529496
2021-02-02,228.67655217916254,15.500055991019563
2021-02-03,177.69066818555302,14.566788031946366
2021-02-04,82.70456075559194,14.123505780754856
2021-02-05,150.7182321645459,13.238703066727956
2021-02-06,85.73168469689763,13.065757006804533
2021-02-07,97.74492064625053,14.777465486946877
2021-02-08,105.75794231523338,13.40556434401552
2021-02-09,161.7707520154042,11.79200294613878
2021-02-10,83.783352067154,13.263173273632388
2021-02-11,209.79574479961008,13.053849596480521
2021-02-12,165.80793255053896,12.384776857820604
2021-02-13,221.81991766624895,13.42468154521668
2021-02-14,205.83170250149243,12.819066005479817
2021-02-15,114.84328941936764,14.645075719026753
2021-02-16,182.8546807912203,15.323001590366022
2021-02-17,93.86587899654471,14.83509018222032
2021-02-18,148.87688642288467,16.99239839548582
2021-02-19,146.88770546573394,16.386683472482485
2021-02-20,155.89833852843645,17.12877884449179
2021-02-21,124.90878802208606,17.42807142489828
2021-02-22,125.9190563654262,18.72981271429708
2021-02-23,110.92914598474906,20.29132391102393
2021-02-24,222.93905931379442,20.323328060089697
2021-02-25,93.94879879364825,19.569910189743513
2021-02-26,176.95836687264108,20.02988233268263
2021-02-27,127.96776600624584,19.35216696293052
2021-02-28,211.97699865697564,21.365554210457145
2021-03-01,116.98606729428107,21.50208954153988
2021-03-02,162.9949743944474,21.13676799022777
2021-03-03,172.00372244049132,21.32144829609268
2021-03-04,90.01231392205742,19.974322006562982
2021-03-05,175.02075133531454,19.00270796805233
2021-03-06,172.0290371828518,20.203121875996757
2021-03-07,197.03717397357408,19.54622759702536
2021-03-08,187.04516422259775,18.49931661434342
2021-03-09,217.05301045114567,19.035969366870706
2021-03-10,140.06071518644214,20.221673521533702
2021-03-11,196.0682809616078,20.94062683219877
2021-03-12,157.07571031555378,21.936674518004587
2021-03-13,202.0830057928761,21.179879429435125
2021-03-14,103.09016994374947,19.75806876269328
2021-03-15,220.09720532382127,21.25940241464877
2021-03-16,183.10411449410475,20.936722575806634
2021-03-17,181.1109000208726,20.685889559351587
2021-03-18,118.11756447554976,22.014083701200644
2021-03-19,178.12411043460642,22.570313710601305
2021-03-20,119.13054047945064,23.02620148268291
2021-03-21,94.13685719632072,25.191203827583994
2021-03-22,195.14306317617744,24.547685597203852
2021-03-23,95.14916101459619,25.475525725285088
2021-03-24,105.15515331165867,25.532538850182174
2021-03-25,181.16104267184463,25.80113112904543
2021-03-26,187.1668317039233,27.32959955545796
2021-03-27,112.17252302084466,27.837435311747583
2021-03-28,99.1781192396307,28.375731390797217
2021-03-29,195.18362298126615,29.448238728107018
2021-03-30,144.18903687058938,29.083285998564133
2021-03-31,166.19436353618306,28.244076331225127
2021-04-01,194.1996056102645,27.199267137204092
2021-04-02,168.20476572857612,25.23291054782809
2021-04-03,223.20984653027543,27.289117677768413
2021-04-04,101.2148506578252,26.18590931204673
2021-04-05,182.2197807568833,25.964655688460958
2021-04-06,222.22463947619235,25.687842388572037
2021-04-07,229.2294294674697,25.995249086381136
2021-04-08,158.2341533852964,26.810986298920433
2021-04-09,91.23881388700697,27.671459787280178
2021-04-10,110.24341363257855,27.08838234871124
2021-04-11,210.24795528452006,26.921260634924828
2021-04-12,134.25244150776118,27.203840585413126
2021-04-13,165.25687496954149,26.955149459229578
2021-04-14,193.26125833929905,28.56249503524957
2021-04-15,226.26559428855944,29.05346998688782
2021-04-16,199.2698854908242,29.788347772937637
2021-04-17,151.27413462145967,30.45122904160505
2021-04-18,181.27834435758515,31.624702899090373
2021-04-19,222.28251737796174,31.80572445779408
2021-04-20,107.28665636288046,30.508892509838233
2021-04-21,205.2907639940506,30.908580461590876
2021-04-22,135.29484295448802,30.25722356779905
2021-04-23,226.2988959284033,29.728606886049292
2021-04-24,139.30292560108995,30.314970904804387
2021-04-25,121.30693465881244,31.55325397623802
2021-04-26,191.31092578869428,31.574525552974084
2021-04-27,124.31490167860608,31.883358565573047
2021-04-28,224.31886501705347,33.585573510208285
2021-04-29,204.3228184930652,33.826326689696856
2021-04-30,215.32676479608088,36.42800980387725
2021-05-01,157.33070661583915,36.993519449508796
2021-05-02,228.33464664226537,35.23275669035298
2021-05-03,158.3385875653597,35.98609831145751
2021-05-04,91.34253207508488,36.36725669634029
2021-05-05,156.34648286125423,37.65700945042304
2021-05-06,227.3504426134195,38.330190801693
2021-05-07,89.35441402075885,38.191734817709225
2021-05-08,223.35839977196474,36.96743658141986
2021-05-09,219.36240255513187,36.758413324133834
2021-05-10,109.36642505764523,35.90789286992453
2021-05-11,204.3704699660681,35.32736942011981
2021-05-12,87.37453996603007,35.91594782454042
2021-05-13,111.37863774211512,37.585852328891825
2021-05-14,165.38276597774978,37.980523858714804
2021-05-15,218.38692735509127,36.78464079667962
2021-05-16,191.39112455491585,37.22924346489976
2021-05-17,147.3953602565069,38.42587495154541
2021-05-18,168.39963713754346,37.81609204722603
2021-05-19,227.40395787398853,37.68207488055311
2021-05-20,153.40832513997768,37.696763075282306
2021-05-21,127.41274160770743,36.91186476220007
2021-05-22,214.41720994732418,37.560145196043926
2021-05-23,118.42173282681257,37.439197047436146
2021-05-24,152.42631291188462,37.858729491343176
2021-05-25,101.43095286586855,36.971237313541074
2021-05-26,190.43565534959768,36.53377901321766
2021-05-27,173.44042302129978,37.25616037104543
2021-05-28,172.445258536486,36.88332721895367
2021-05-29,101.45016454784052,38.610291070187074
2021-05-30,121.45514370510978,38.21065488457247
2021-05-31,208.4601986549922,38.435339610324355
2021-06-01,223.46533204102784,39.36793044219745
2021-06-02,208.47054650348818,37.949564709264415
2021-06-03,140.47584467926617,36.18875589728364
2021-06-04,230.48122920176644,34.66309958271355
2021-06-05,143.48670270079526,35.92568368614073
2021-06-06,209.49226780245138,35.37382554024828
2021-06-07,187.49792712901615,37.932024825916535
2021-06-08,83.50368329884462,37.36777722725915
2021-06-09,213.5095389262562,37.55232853045619
2021-06-10,174.5154966214258,39.094438483024064
2021-06-11,195.52155899027505,41.10053137118319
2021-06-12,138.52772863436377,43.162034947819585
2021-06-13,199.5340081507814,44.37040117841273
2021-06-14,216.540400132039,45.39446370422419
2021-06-15,140.546907165961,45.98699065342537
2021-06-16,126.55353183557746,46.76535172959201
2021-06-17,143.56027671901654,46.21416601326348
2021-06-18,129.56714438939673,45.395967129841175
2021-06-19,231.57413741472018,45.392592672430226
2021-06-20,162.58125835776502,45.2224080499053
2021-06-21,200.58850977597916,44.769180000578025
2021-06-22,229.59589422137336,45.46556744803474
2021-06-23,102.60341424041496,46.42087265660525
2021-06-24,228.61107237392187,46.5092795428971
2021-06-25,129.6188711569566,47.98680962395236
2021-06-26,131.62681311872058,46.845120509818855
2021-06-27,96.63490078244891,46.65146105053914
2021-06-28,225.64313666530506,45.93463872993634
2021-06-29,83.65152327827607,44.06810211286328
2021-06-30,199.6600631260679,43.98542142702058
2021-07-01,136.66875870700105,43.863673918637296
2021-07-02,200.67761251290642,45.37712366187943
2021-07-03,85.68662702902145,46.00793534643421
2021-07-04,226.69580473388677,44.983748522105
2021-07-05,94.7051480992426,46.83784108843919
2021-07-06,156.714659589926,48.05887478396454
2021-07-07,98.72434166376794,48.64097248743315
2021-07-08,184.73419677149116,48.41448838858332
2021-07-09,199.74422735660778,47.45504915185984
2021-07-10,90.75443585531761,47.082842375788786
2021-07-11,204.7648246964066,48.17159099549297
2021-07-12,174.77539630114563,50.05617730142758
2021-07-13,172.78615308318967,51.59942082969977
2021-07-14,218.79709744847705,51.11057140791349
2021-07-15,142.80823179512936,49.99095397462448
2021-07-16,110.81955851335148,50.13184022153568
2021-07-17,183.8310799853319,48.363400855972834
2021-07-18,123.84279858514347,48.68656857015762
2021-07-19,227.85471667864468,48.53896598385895
2021-07-20,223.86683662338066,48.072929481990705
2021-07-21,128.87916076848532,46.47822641472391
2021-07-22,117.89169145458335,46.99182652129363
2021-07-23,216.90443101369252,46.45912568163172
2021-07-24,164.91738176912673,45.28920884592143
2021-07-25,197.93054603539903,42.41694663263978
2021-07-26,129.94392611812532,42.38943172758914
2021-07-27,92.95752431392809,44.16168332425889
2021-07-28,138.9713429103409,45.82294253880676
2021-07-29,112.9853841857129,45.36584628222049
2021-07-30,191.99965040911405,44.76363422185871
2021-07-31,88.01414384024037,45.23240847793373
2021-08-01,202.02886672932,44.23402303874544
2021-08-02,116.04382131701915,44.535814938564904
2021-08-03,201.0590098343491,45.301895216949596
2021-08-04,148.07443450257287,46.528828440833905
2021-08-05,229.09009753311287,46.42867436435395
2021-08-06,94.10600112745867,46.225000614176984
2021-08-07,168.12214747707526,45.347018027420425
2021-08-08,109.13853876331183,44.52013767338057
2021-08-09,146.1551771573107,44.29365878147904
2021-08-10,169.17206481991698,44.661024288295216
2021-08-11,142.18920390158846,45.57460891452847
2021-08-12,110.20659654230604,44.77142996384812
2021-08-13,181.22424487148456,46.26411853280764
2021-08-14,188.24215100788396,45.992994931765075
2021-08-15,182.2603170595211,45.97162763741664
2021-08-16,212.27874512358196,45.224415958268814
2021-08-17,232.29743728633403,42.800175697995876
2021-08-18,138.31639562303968,43.68422109435693
2021-08-19,89.33562219786937,44.42106499144936
2021-08-20,178.35511906381586,44.13973743433115
2021-08-21,216.37488826260855,44.20672815155602
2021-08-22,185.39493182462846,44.72266736926012
2021-08-23,86.41525176882357,43.16012151237358
2021-08-24,106.4358501026247,42.631068835027286
2021-08-25,136.45672882186187,43.42533351464911
2021-08-26,166.47788991068117,42.171044091479864
2021-08-27,228.49933534146194,42.46460202364649
2021-08-28,168.52106707473482,41.10802021902309
2021-08-29,161.54308705909978,41.574450201456614
2021-08-30,193.56539723114506,41.53880871915913
2021-08-31,84.58799951536658,39.92367690325362
2021-09-01,134.61089582408746,41.08841625771079
2021-09-02,87.63408805737862,40.353824680912744
2021-09-03,196.6575781029794,39.54357224389836
2021-09-04,115.68136783621897,39.7441414411293
2021-09-05,117.70545911993824,40.89277879055802
2021-09-06,175.72985380441216,39.876956971579624
2021-09-07,178.7545537272726,39.93863682142759
2021-09-08,155.77956071343183,40.36745332175817
2021-09-09,122.8048765750065,41.06055892902131
2021-09-10,201.83050311124197,41.237000484298534
2021-09-11,86.85644210843756,40.86997264521521
2021-09-12,206.8826953398719,40.04238242456649
2021-09-13,133.90926456572922,40.128526307612866
2021-09-14,95.93615153302581,39.05638729562726
2021-09-15,137.96335797553743,36.135036812132654
2021-09-16,216.99088561372687,36.57159661629032
2021-09-17,141.01873615467238,37.47553145737652
2021-09-18,229.0469112919965,35.11259902183468
2021-09-19,196.07541270579546,34.102868317124745
2021-09-20,131.10424206256923,34.722022578129945
2021-09-21,169.13340101515195,36.77951804784164
2021-09-22,226.1628912026432,36.80031175551705
2021-09-23,150.19271425033963,36.072308814287915
2021-09-24,159.22287176966725,35.88941237318308
2021-09-25,187.25336535811425,37.264288792331264
2021-09-26,122.28419659916439,36.61832461320673
2021-09-27,134.31536706223116,35.81913260655648
2021-09-28,182.3468783025923,35.336389084374446
2021-09-29,166.37873186132487,34.38306047611573
2021-09-30,114.41092926524126,34.505730792110526
2021-10-01,163.44347202682542,36.13040925058009
2021-10-02,175.4763616441698,36.453488523696116
2021-10-03,136.50959960091308,36.201135021569826
2021-10-04,163.5431873661782,35.90932375265428
2021-10-05,114.5771263945112,34.34613294395762
2021-10-06,190.61141812582062,35.22924272110478
2021-10-07,135.64606398531743,35.15140552409198
2021-10-08,165.68106538345572,34.970925610501354
2021-10-09,217.7164237158739,38.164033178346216
2021-10-10,113.7521403633365,38.4627860867119
2021-10-11,216.7882166916767,37.710995036616715
2021-10-12,222.82465405173934,37.284637440411174
2021-10-13,229.8614537793248,38.43308314960793
2021-10-14,158.89861719513289,38.5463535601457
2021-10-15,101.93614560470854,37.10807558182833
2021-10-16,168.97404029838668,38.02730451640353
2021-10-17,154.0123025512389,37.35916043086454
2021-10-18,119.05093362302014,39.23245820708209
2021-10-19,91.08993475811633,40.31250627279674
2021-10-20,138.12930718549237,39.865184377137986
2021-10-21,211.16905211864102,41.1462007388731
2021-10-22,128.20917075553234,41.2140562494005
2021-10-23,200.24966427856376,42.06682992452272
2021-10-24,196.29053385451067,42.55156274181719
2021-10-25,165.33178063447806,41.70520608682632
2021-10-26,180.37340575385238,41.06165625450886
2021-10-27,203.4154103322541,42.091617072090024
2021-10-28,229.45779547349153,41.756841739983486
2021-10-29,93.50056226551415,41.353193276741486
2021-10-30,217.54371178036791,40.398070697392136
2021-10-31,189.5872450741501,40.8216697629856
2021-11-01,217.6311631869656,42.884194682228745
2021-11-02,110.67546714288346,41.81666176797447
2021-11-03,181.72015794989417,41.840881224647234
2021-11-04,178.76523659986776,43.253101780062664
2021-11-05,146.81070406851234,43.17346038881695
2021-11-06,207.85656131533364,43.625832185066685
2021-11-07,136.90280928359473,42.56343865691981
2021-11-08,232.94944890027708,42.99174575412746
2021-11-09,106.99648107604156,42.80460148912291
2021-11-10,91.0439067051908,43.79033148480277
2021-11-11,178.09172666563168,44.97771753636752
2021-11-12,147.13994181883902,47.56728117838613
2021-11-13,108.18855300981932,48.146914351599705
2021-11-14,235.2375610670759,48.47271066818187
2021-11-15,156.2869668025741,48.667094969759205
2021-11-16,87.3367710117077,48.313928676948514
2021-11-17,219.38697447326558,48.6524125204102
2021-11-18,98.43757794939928,48.35701111027117
2021-11-19,176.48858218559138,48.52547208654079
2021-11-20,132.5399879106243,49.84306962214875
2021-11-21,120.59179583654996,48.83652705686911
2021-11-22,164.64400665866015,49.976405617998154
2021-11-23,131.6966210554575,51.29352068533802
2021-11-24,159.74963968862733,51.175452158346936
2021-11-25,112.80306320300984,49.05359725933834
2021-11-26,133.85689222657345,48.44577527224391
2021-11-27,207.91112737038867,49.742769818805016
2021-11-28,142.96576922860228,49.71990175650613
2021-11-29,181.02081837841305,48.720599524211224
2021-11-30,194.07627538004735,48.215824602983005
2021-12-01,150.13214077673595,49.05644462948756
2021-12-02,135.18841509469135,49.60317819768894
2021-12-03,148.24509884308583,49.364246098519246
2021-12-04,168.3021925140302,48.997421686704556
2021-12-05,113.35969658255347,48.60566353766073
2021-12-06,123.41761150658282,47.68325335316223
2021-12-07,88.47593772692466,49.298629042631674
2021-12-08,95.53467566724623,48.97630857342033
2021-12-09,200.59382573405796,50.19346709424583
2021-12-10,186.65338831669652,51.71478314616829
2021-12-11,134.71336378730845,52.71309404431625
2021-12-12,214.77375250083506,52.281473731598204
2021-12-13,143.8345547949971,52.68520382193481
2021-12-14,101.89577099028111,52.661008215543895
2021-12-15,115.95740138992589,51.757306354813764
2021-12-16,166.01944627990986,52.08166563653537
2021-12-17,218.08190592893916,50.90262584537557
2021-12-18,197.14478058843653,52.09030523383713
2021-12-19,102.20807049253067,51.62568793653873
2021-12-20,144.27177585804665,51.826847592411575
2021-12-21,203.33589688449675,52.11013546395772
2021-12-22,95.40043375407227,51.85123049025364
2021-12-23,91.46538663163578,52.43792429172892
2021-12-24,199.5307556647144,51.963020635106396
2021-12-25,195.59654098349358,52.83431793256364
2021-12-26,106.66274270081163,51.48833825231689
2021-12-27,126.72936091215517,51.6147178318633
2021-12-28,203.79639569565495,53.553646830921586
2021-12-29,103.86384711208277,52.55331550631601
2021-12-30,207.9317152048488,51.87557053579116
2021-12-31,117.0,52.389478385450076
2022-01-01,128.06870150621867,52.56906016738967
2022-01-02,106.13781971482248,52.91969026666323
2022-01-03,175.20735459976453,53.408877396810894
2022-01-04,215.2773061176346,54.043598865372665
2022-01-05,133.34767420766093,55.15329870732889
2022-01-06,114.41845879171274,55.5631173642574
2022-01-07,234.48965977430348,55.32185970963886
2022-01-08,102.5612770425947,55.99443341084159
2022-01-09,114.63331046640104,57.8943153457368
2022-01-10,157.70575989819537,57.761681599354226
2022-01-11,227.77862517311516,56.78715229468359
2022-01-12,156.85190610896905,57.89423296397056
2022-01-13,198.92560250624476,57.77385180001696
2022-01-14,235.99971414811725,55.60118225400293
2022-01-15,201.0742408004578,56.44860393115335
2022-01-16,201.14918221184368,55.91327574519943
2022-01-17,124.22453811356877,55.82274246289527
2022-01-18,201.30030821965462,56.15472279346429
2022-01-19,98.37649222686244,56.34522247324335
2022-01-20,203.45308981470572,57.054674290382394
2022-01-21,173.53010064546362,56.61918791981255
2022-01-22,132.60752436419497,57.13229371798864
2022-01-23,191.68536059875308,56.87274704040472
2022-01-24,96.76360895980137,57.61155752129222
2022-01-25,116.8422690408294,58.226925005305276
2022-01-26,154.92134041816993,57.29148630326068
2022-01-27,150.0008226510165,58.377468419435715
2022-01-28,200.080715281442,57.841504974321666
2022-01-29,212.16101783441738,58.64956277260281
2022-01-30,124.24172981783185,59.016850086004155
2022-01-31,241.3228507225131,60.85503376279928
2022-02-01,112.40438002224865,60.63156778042743
2022-02-02,161.48631717380775,60.282250984309236
2022-02-03,203.56866161696396,60.2628313784215
2022-02-04,95.65141277451868,59.959651595587225
2022-02-05,185.7345700523249,60.75959349752927
2022-02-06,166.81813283931228,59.14328288909269
2022-02-07,153.9021005075123,58.08960046994633
2022-02-08,185.98647241208482,57.02179754836714
2022-02-09,187.07124789134448,57.972105140340716
2022-02-10,147.15642626678869,59.68271851292264
2022-02-11,229.24200684312564,59.578269294385166
2022-02-12,223.32798890830338,59.40944757119515
2022-02-13,123.41437173353954,59.479499734308334
2022-02-14,132.50115457335153,60.64137803691652
2022-02-15,128.58833666558778,59.714024902725946
2022-02-16,98.67591723145942,59.95239388546073
2022-02-17,158.76389547557272,60.92759151524316
2022-02-18,167.8522705859623,61.428685685183005
2022-02-19,96.94104173412485,61.61826730178175
2022-02-20,172.0302080750538,62.61931339434889
2022-02-21,227.11976874727446,59.916081101349654
2022-02-22,211.2097228728798,60.59395642088056
2022-02-23,206.30006955756735,59.939880737753136
2022-02-24,187.3908078906761,58.10924784089668
2022-02-25,155.48193694522467,58.620450440421656
2022-02-26,172.57345577794996,59.99410898558462
2022-02-27,229.66536342934623,59.856660470956925
2022-02-28,119.75765892370538,60.80953501815986
2022-03-01,137.85034126915738,62.42181327614851
2022-03-02,226.94340945771174,63.73672772973256
2022-03-03,164.0368624652994,65.37669225910395
2022-03-04,212.1306992518155,66.11881975017585
2022-03-05,162.22491876116274,66.19425338907743
2022-03-06,113.31951992129521,64.59228757718026
2022-03-07,114.41450164426331,64.34622508905031
2022-03-08,207.5098628262589,63.50297849373411
2022-03-09,234.60560234766135,65.67392121123193
2022-03-10,141.70171907308432,65.49803539879959
2022-03-11,95.79821185142278,65.62124020558407
2022-03-12,184.8950795159013,66.17272558162453
2022-03-13,236.9923208841225,66.216328027997
2022-03-14,159.08993475811633,67.91137906842775
2022-03-15,133.18791992439,67.2887297066933
2022-03-16,132.2862751539786,67.48333716193055
2022-03-17,221.38499920249626,66.7408665762325
2022-03-18,234.48409081018798,65.4208440650118
2022-03-19,195.5835487019822,64.80907497410652
2022-03-20,172.68337158754395,64.7720381770581
2022-03-21,98.7835581613284,64.34273595254085
2022-03-22,229.8841071026356,63.65031497266699
2022-03-23,105.98501707566527,62.24399750899516
2022-03-24,101.08628672957252,62.16089193636646
2022-03-25,234.18791469852422,60.65617156233546
2022-03-26,226.2898996017558,61.41622752602506
2022-03-27,109.39224004362883,61.498667278959566
2022-03-28,226.49493461368928,60.04111577949463
2022-03-29,180.59798188672613,59.73190670244477
2022-03-30,161.70138042283088,58.979750296854185
2022-03-31,159.80512876745746,59.298924807273366
2022-04-01,197.90922545148294,60.639375253296514
2022-04-02,170.01366899126864,58.76420278365077
2022-04-03,114.11845788872212,58.879228862798186
2022-04-04,106.2235906313594,58.71909606723155
2022-04-05,240.32906569236818,59.39043614368201
2022-04-06,135.43488153067122,59.6036327719197
2022-04-07,191.54103659099096,58.85166344018088
2022-04-08,192.6475293039138,58.53260950451426
2022-04-09,146.75435808595608,57.73658364771077
2022-04-10,166.8615213396295,58.81259078630937
2022-04-11,159.9690174535081,58.83390243498131
2022-04-12,176.07684480229523,60.73509312073432
2022-04-13,215.18500174689134,60.6744323069197
2022-04-14,218.29348663446223,59.966025540009234
2022-04-15,235.402297798508,58.45231114739641
2022-04-16,174.5114335589323,56.64917147114046
2022-04-17,133.62089222211273,55.06503552813497
2022-04-18,99.730672080971,55.33216217914645
2022-04-19,138.84077141504426,55.840887202376386
2022-04-20,162.95118849055686,54.259696500344255
2022-04-21,249.06192156049232,55.15473481442037
2022-04-22,159.17296886466664,54.67167376273693
2022-04-23,163.28432862980102,54.81846677472248
2022-04-24,192.39599906959623,56.4306874029779
2022-04-25,171.50797838480685,57.32752671884344
2022-04-26,110.62026476331627,57.0589960709376
2022-04-27,204.7328563802122,56.167803845522315
2022-04-28,113.84575139786278,54.01598844419301
2022-04-29,159.95894796599308,53.29683512495059
2022-04-30,130.07244422176217,53.0857048861229
2022-05-01,135.18623828984087,52.09852535897171
2022-05-02,105.30032828248986,51.96726839187941
2022-05-03,183.4147122996382,52.04412027483818
2022-05-04,223.52938842896276,51.8192642930301
2022-05-05,178.64435474596772,51.16926171220664
2022-05-06,162.75960931406468,51.33791638417337
2022-05-07,232.87515018465376,51.77985703374278
2022-05-08,189.99097539720435,50.68945795629993
2022-05-09,143.10708297933704,52.1003903360462
2022-05-10,190.22347094690576,52.00180220376194
2022-05-11,247.3401373040805,52.02065182670679
2022-05-12,141.45708004343047,52.728866249963346
2022-05-13,173.57429714600764,52.96208238122685
2022-05-14,140.691786581431,53.915219015140096
2022-05-15,205.80954630797117,54.20234318034192
2022-05-16,115.9275742726354,53.589905805701484
2022-05-17,134.04586841125317,53.95140933090759
2022-05-18,227.1644266485622,52.807683123586926
2022-05-19,199.2832468982949,52.91624282936345
2022-05-20,125.40232706326537,52.88301283871899
2022-05-21,165.52166503545672,52.67489598144645
2022-05-22,245.64125869610902,52.54635847000752
2022-05-23,247.76110591580738,50.66450942450988
2022-05-24,155.88120455457099,50.11578451676892
2022-05-25,207.00155246194197,50.20862941791003
2022-05-26,207.12214747707526,50.36848580990743
2022-05-27,142.2429874288285,49.340810668981476
2022-05-28,237.3640701358526,50.606518509846175
2022-05-29,170.48539340668245,49.74034366163168
2022-05-30,238.60695503982853,50.70980086215842
2022-05-31,145.72875282386846,51.1369952240301
2022-06-01,118.85078453753913,50.4907679141863
2022-06-02,214.97304794982938,52.26607880679581
2022-06-03,137.09554082007293,51.07244197503933
2022-06-04,142.21826089804168,51.991596148649336
2022-06-05,201.3412059240395,52.992178466692316
2022-06-06,137.46437362899658,52.32155825761567
2022-06-07,190.58776173456368,53.71402355768
2022-06-08,170.71136795320726,53.46397704308105
2022-06-09,114.8351899883048,53.75267067236091
2022-06-10,109.95922553424046,54.012992511132126
2022-06-11,228.08347227650114,53.87868376966158
2022-06-12,179.20792789177298,54.68949204282136
2022-06-13,202.33259004803816,55.48298076337357
2022-06-14,223.45745640467203,53.73444879013539
2022-06-15,143.58252461254074,55.03878903301354
2022-06-16,246.70779231409898,53.37629704497787
2022-06-17,152.83325714348848,54.408843249319524
2022-06-18,214.9589167266362,55.535548386147106
2022-06-19,121.08476868135376,54.44458195593191
2022-06-20,242.21081061743624,54.03376766797732
2022-06-21,111.33704013676208,52.92806299949139
2022-06-22,153.4634548333929,52.71314196920265
2022-06-23,174.59005229367378,52.40510768501691
2022-06-24,182.7168300963338,53.18476821728625
2022-06-25,236.84378581258704,54.49507696340586
2022-06-26,201.9709170062337,55.89076077419581
2022-06-27,222.0982212337616,55.328592747617506
2022-06-28,143.22569604444809,55.11937087387298
2022-06-29,133.3533389804621,53.435932681652034
2022-06-30,150.48114757696663,52.63006261515584
2022-07-01,134.60911936222143,53.5949142482533
2022-07-02,176.73725185768598,55.210497071801534
2022-07-03,255.86554257812267,53.97614819992161
2022-07-04,118.99398903170074,53.38368394076872
2022-07-05,182.12258872009957,53.35727818380979
2022-07-06,212.2513391386133,53.6374393426294
2022-07-07,146.38023777625483,52.827835822707755
2022-07-08,242.5092821158607,53.251896867171844
2022-07-09,131.63846963419584,52.77805752010093
2022-07-10,155.7677978020588,52.76360524922265
2022-07-11,198.89726408438705,53.30988949722635
2022-07-12,155.0268659403627,53.31631176703729
2022-07-13,216.15660082351843,52.879925876510725
2022-07-14,249.28646618184342,52.7703160725849
2022-07-15,250.41645945788989,52.68195311337956
2022-07-16,213.5465780888795,52.311942083497435
2022-07-17,220.67681950681035,52.05314602083033
2022-07-18,213.80718113856372,53.65179319133505
2022-07-19,169.93766040601162,54.21271263927629
2022-07-20,210.06825472612388,53.91723232124713
2022-07-21,178.19896151107608,54.61418672575786
2022-07-22,243.32977816835725,54.28036723600185
2022-07-23,230.46070210087782,55.45349187358849
2022-07-24,147.59173070707809,55.82313406578658
2022-07-25,182.72286138103638,55.71583192178235
2022-07-26,237.85409151257778,56.16354884759263
2022-07-27,216.98541848738287,54.59267269552413
2022-07-28,203.11683968709661,53.465905226614325
2022-07-29,142.24835248943765,52.27198022021527
2022-07-30,233.3799542683073,52.41492331497898
2022-07-31,248.5116423938991,54.14743831446407
2022-08-01,162.64341423280865,56.3787384606567
2022-08-02,140.7752671481429,57.01678956209746
2022-08-03,151.90719849963034,57.517634037041915
2022-08-04,153.0392056437309,55.71657630288917
2022-08-05,123.17128593374625,55.173902503155155
2022-08-06,113.30343671992989,54.38611875124692
2022-08-07,158.43565534959768,53.7652711529958
2022-08-08,213.5679391672384,53.59712733441101
2022-08-09,261.70028551462434,53.12503675671388
2022-08-10,202.83269173092214,51.1457369463381
2022-08-11,222.9651551528036,51.89364720245563
2022-08-12,170.09767311455676,50.82090417671583
2022-08-13,114.23024294819685,51.06015104082698
2022-08-14,176.36286198357757,53.13423371057695
2022-08-15,168.49552754850234,52.21484911899053
2022-08-16,228.62823696883567,49.6845615962442
2022-08-17,256.76098756861444,49.39855737436409
2022-08-18,262.8937766701598,50.49951700936266
2022-08-19,167.0266015941881,52.457864463583256
2022-08-20,251.15945965992333,51.22831486913084
2022-08-21,171.29234818520814,51.72501409236736
2022-08-22,231.42526448661604,51.25970363558731
2022-08-23,149.55820587956302,51.153755281283175
2022-08-24,177.6911696784195,53.79809862830021
2022-08-25,139.82415319662223,52.29512829990506
2022-08-26,204.95715374678622,52.54886796139963
2022-08-27,190.09016864081673,53.01656113316506
2022-08-28,153.22319519002133,54.10234745810441
2022-08-29,245.35623070522186,54.2003306115753
2022-08-30,250.4892724968665,54.508381151079405
2022-08-31,206.6223178751421,54.116732583657615
2022-09-01,132.7553641500857,54.38585952490272
2022-09-02,243.88840863169733,54.04266724940531
2022-09-03,224.02144863005145,54.66423913926136
2022-09-04,141.15448145540964,54.294628803217726
2022-09-05,204.2875044183321,54.671729197119916
2022-09-06,145.42051482979016,54.642466383434936
2022-09-07,179.55351000127817,55.7685166342071
2022-09-08,266.68648724492556,55.71712291061861
2022-09-09,230.81944387360875,53.944090442411735
2022-09-10,165.95237720106334,55.20601194312572
2022-09-11,198.0852845419958,54.300279642263106
2022-09-12,201.21816321219552,53.646513303614284
2022-09-13,222.3510105286467,53.05085200957079
2022-09-14,265.48382380963994,54.425290102741606
2022-09-15,235.6166003748843,52.28961588876291
2022-09-16,203.74933754561872,55.427364422422905
2022-09-17,180.8820326447238,56.483421231488954
2022-09-18,222.01468299683327,56.706660145618116
2022-09-19,167.14728592844557,56.65176614500183
2022-09-20,189.27983876803515,56.93732021985949
2022-09-21,119.41233884616386,57.45844264823882
2022-09-22,259.5447834955922,58.10365823418888
2022-09-23,241.6771700513905,58.65926270019233
2022-09-24,180.8094958510498,58.74884338144758
2022-09-25,150.94175823459298,58.55150496114025
2022-09-26,148.07395454468553,58.400231677486744
2022-09-27,168.20608212674625,58.205323397134066
2022-09-28,149.33813832905807,59.33909349400113
2022-09-29,263.47012050287816,59.93265021628199
2022-09-30,138.60202600254874,56.99226158161771
2022-10-01,137.73385218560696,57.648162358147474
2022-10-02,120.86559641289539,57.842898552866245
2022-10-03,197.99725604867157,57.82418979642035
2022-10-04,235.12882846071818,57.435671343331464
2022-10-05,233.2603110204526,58.55978406331748
2022-10-06,234.39170110303644,59.50731052544034
2022-10-07,183.5229960874849,58.73443285761673
2022-10-08,252.65419335677612,59.14148514474127
2022-10-09,249.78529029796002,58.16982841019998
2022-10-10,128.9162843022674,56.79021024541105
2022-10-11,176.04717276521856,56.163493020821086
2022-10-12,224.17795308673163,57.02588649320384
2022-10-13,252.30862267123146,57.979011538579925
2022-10-14,153.4391789277571,58.492096958677216
2022-10-15,131.56961927007032,59.21719274552521
2022-10-16,231.69994111676297,59.73337103264017
2022-10-17,245.83014189136503,59.09188943741722
2022-10-18,208.96021902245138,59.52381198209116
2022-10-19,177.09016994374946,60.324221507318846
2022-10-20,154.21999209424592,61.07851283713242
2022-10-21,257.3496829182935,62.26742620860706
2022-10-22,215.47923986571737,62.97573005580813
2022-10-23,130.60866039192157,63.32717826334971
2022-10-24,187.73794195799493,64.39732850166614
2022-10-25,179.8670820308169,64.37080724241707
2022-10-26,189.99607808316316,63.488932591189354
2022-10-27,195.1249275938107,63.32586562724559
2022-10-28,177.25362804764333,62.58096298243914
2022-10-29,190.38217693575604,61.90578470746476
2022-10-30,174.51057175555982,61.76126603674924
2022-10-31,220.63881001088575,60.96884611574928
2022-11-01,215.7668892120893,60.66088458611024
2022-11-02,131.8948068761537,58.767269919156455
2022-11-03,159.02256052679377,58.980563626529396
2022-11-04,220.15014769455885,58.98176910189162
2022-11-05,212.2775659169359,58.164680470823434
2022-11-06,202.40481273845194,58.82392613925584
2022-11-07,156.53188571077644,59.7614962768824
2022-11-08,244.65878239282344,58.153936412513424
2022-11-09,170.78550035085317,57.39121163394721
2022-11-10,268.91203715857347,56.622069284159906
2022-11-11,267.0383903972408,55.68216618305104
2022-11-12,180.1645576557614,56.51164102498279
2022-11-13,132.2905365307913,56.31781488620998
2022-11-14,199.4163246268367,56.053300044899366
2022-11-15,132.54191955635392,54.049437680492616
2022-11-16,210.66731893984857,54.68485571070184
2022-11-17,272.7925204059749,53.44559731584837
2022-11-18,237.91752159163482,53.5055299461147
2022-11-19,251.04232014207582,53.782906884072894
2022-11-20,273.1669137109896,55.143565479911544
2022-11-21,162.29129996060965,53.83474508079243
2022-11-22,155.4154765618087,50.8152329249716
2022-11-23,208.53944119419575,50.999082469725295
2022-11-24,128.6631915462127,52.79959365123615
2022-11-25,255.78672531523085,54.03854000417559
2022-11-26,173.91004020764672,54.248199419450216
2022-11-27,275.0331339389777,53.75656323381817
2022-11-28,138.15600423395705,54.56368583045548
2022-11-29,257.27864882662914,53.59013963075102
2022-11-30,246.40106546044328,54.06649740010724
2022-12-01,267.52325188834845,54.571967559273865
2022-12-02,147.64520587288615,55.632177466772745
2022-12-03,132.76692518628442,58.391837505683824
2022-12-04,164.88840761055008,58.78425347286259
2022-12-05,265.0096509375615,58.275289847155086
2022-12-06,181.1306529691604,58.249715534963094
2022-12-07,227.2514115172436,56.48063963007397
2022-12-08,214.37192440385422,55.785926498984914
2022-12-09,236.49218946127218,55.37664406087181
2022-12-10,152.61220453210493,54.85255566293722
2022-12-11,209.73196746937694,55.00491053497094
2022-12-12,248.8514761366196,54.182490602588736
2022-12-13,187.97072840795968,55.303521269913205
2022-12-14,257.08972216820865,55.303728334831405
2022-12-15,243.20845531295004,55.29442801369279
2022-12-16,244.3269257486278,54.96653329717987
2022-12-17,143.44513139263313,55.12172398103885
2022-12-18,138.5630701733914,55.946822245706485
2022-12-19,169.68074003044848,55.079692029995584
2022-12-20,154.7981389145566,54.42157554092033
2022-12-21,232.91526478775972,54.117849512143664
2022-12-22,152.03211562347846,52.77197858867045
2022-12-23,134.1486894065946,51.952720728948954
2022-12-24,159.2649841335349,51.47649985540429
2022-12-25,239.38099781235488,52.35088903611702
2022-12-26,228.49672846282144,52.61345036511894
2022-12-27,167.61217411649574,52.80704027648649
2022-12-28,205.72733281681496,53.65793823865446
2022-12-29,200.8422026191741,53.52056645025506
2022-12-30,276.95678159100663,53.91103130018395
2022-12-31,259.0710678118655,53.80780954725145
2023-01-01,216.18505937350267,54.07317189665108
2023-01-02,173.2987543799491,53.4904132390395
2023-01-03,231.4121509475934,51.05159608076307
2023-01-04,172.52524720526048,50.917316918576766
2023-01-05,165.6380412942895,52.34006505467671
2023-01-06,148.75053136861138,53.2662804569183
2023-01-07,253.8627155948256,54.231677941509474
2023-01-08,207.9745921522766,55.467808663315694
2023-01-09,219.08615923312993,55.55646625427713
2023-01-10,249.19741504244715,55.753781961682726
2023-01-11,238.30835779826106,55.13613006624838
2023-01-12,218.41898573164949,54.82005721022133
2023-01-13,159.52929708680955,55.43582835999247
2023-01-14,189.63929012113027,56.63971279716129
2023-01-15,163.7489631052656,56.500266521480285
2023-01-16,266.8583143232063,56.050077256628875
2023-01-17,230.96734207235158,56.05060521548547
2023-01-18,145.07604466357975,56.651811964414584
2023-01-19,186.18442042131895,55.20795714828104
2023-01-20,271.2924676836168,52.9117761951438
2023-01-21,278.4001848022097,52.361239345652216
2023-01-22,255.50757014259153,51.14052691973806
2023-01-23,179.61462208408162,50.63238672209075
2023-01-24,197.72133901989258,50.484606403273276
2023-01-25,263.8277193571969,50.031357994250264
2023-01-26,187.9337615171936,51.48382552872101
2023-01-27,241.03946393517393,51.81057029332333
2023-01-28,185.14482506058656,52.11104465293416
2023-01-29,170.24984335710212,52.73325179697756
2023-01-30,249.35451730267738,51.59441867919679
2023-01-31,160.45884538961857,52.63353046661706
2023-02-01,163.56282612464426,52.5577661800816
2023-02-02,283.6664580289475,53.22824679732281
2023-02-03,145.7697396382576,52.156389564282655
2023-02-04,174.8726695029009,50.60263079826659
2023-02-05,145.97524618786147,51.42052045629162
2023-02-06,248.07746827284075,51.79692998238914
2023-02-07,174.1793343523166,50.894878428031625
2023-02-08,189.2808430356023,50.02521534675693
2023-02-09,233.3819929469039,51.1506501311717
2023-02-10,190.48278272537817,49.961238238304375
2023-02-11,246.5832110251888,51.603911191560336
2023-02-12,285.68327651556285,50.70329045691247
2023-02-13,204.78297788084595,51.34168238252085
2023-02-14,191.88231382055727,51.01306390677187
2023-02-15,168.98128304944365,51.61625133785421
2023-02-16,172.07988429753314,51.07213733574002
2023-02-17,284.1781163101881,50.90934442966772
2023-02-18,217.2759778481571,50.95026360506344
2023-02-19,245.3734676876271,49.94807614928197
2023-02-20,209.47058462027383,50.68890049470209
2023-02-21,176.56732745331274,50.175686928230505
2023-02-22,153.6636950095482,49.947087012890485
2023-02-23,265.759686127423,48.952737638281974
2023-02-24,197.85529966106623,46.39040397948666
2023-02-25,240.95053448034173,46.19937621688649
2023-02-26,179.04538947089443,48.611991638499404
2023-02-27,162.13986353419733,49.39659592639743
2023-02-28,176.23395558759705,49.37733554666303
2023-03-01,172.327664564359,49.11444471745477
2023-03-02,268.42098941371177,49.13691061026681
2023-03-03,245.51392910089098,49.68402972544202
2023-03-04,239.60648260718241,48.50321691013317
2023-03-05,235.69864892996446,49.61753860480204
2023-03-06,149.7904270827498,50.332919920243285
2023-03-07,156.8818160952266,51.05110564595122
2023-03-08,238.97281501329905,51.489581384760946
2023-03-09,182.0634228991268,51.50919804245493
2023-03-10,187.1536388311645,52.182059278421754
2023-03-11,155.24346190419962,52.773873412163134
2023-03-12,212.3328912293909,52.41983270122211
2023-03-13,195.42192593430462,51.84623092832521
2023-03-14,193.51056516295154,51.9480872235872
2023-03-15,185.5988080758223,53.497107375082386
2023-03-16,150.6866538499224,52.25800029942849
2023-03-17,200.7741016788067,50.790475033676046
2023-03-18,218.8611507726127,50.95523587491256
2023-03-19,221.94780035809373,51.00612357676858
2023-03-20,147.03404967865106,51.179465241138985
2023-03-21,288.1198979943655,51.42341843904749
2023-03-22,220.20534458202798,51.20021618441268
2023-03-23,257.29038873517015,52.69007962301476
2023-03-24,164.37502976409337,51.089175644538244
2023-03-25,228.45926699589768,50.260678619757996
2023-03-26,151.54309977450976,50.15742385960895
2023-03-27,282.62652746071046,48.51423504845478
2023-03-28,198.709549432161,48.338380644022706
2023-03-29,248.7921650834294,49.999850809750725
2023-03-30,165.87437382601547,50.02073729804669
2023-03-31,186.95617508837526,50.251438203765375
2023-04-01,172.03756831594507,48.99127343859279
2023-04-02,150.1185529711644,48.37491203055331
2023-04-03,156.19912853349845,47.999715650229376
2023-04-04,285.2792944994597,47.682000553473145
2023-04-05,166.3590503826291,48.96364434847691
2023-04-06,226.43839571367604,49.52133540920204
2023-04-07,275.5173300403782,48.40987745226501
2023-04-08,154.5958529276402,48.65638223069701
2023-04-09,219.6739639575119,49.154603979193794
2023-04-10,257.75166272920546,50.29475301771506
2023-04-11,147.82894885911264,51.875293704283436
2023-04-12,277.9058219808201,50.860199512455566
2023-04-13,255.98228174512533,50.04934200124523
2023-04-14,213.05832782005064,48.791764142330614
2023-04-15,200.1339598908573,48.557744283223634
2023-04-16,223.20917766005869,49.02410265766997
2023-04-17,257.2839808474324,50.01143717425907
2023-04-18,287.35836919003236,49.93548615061655
2023-04-19,244.43234244219923,49.615638627361704
2023-04-20,158.50590037557126,49.767396619610444
2023-04-21,155.57904277909324,48.93225371798042
2023-04-22,249.65176945902576,51.021792439675195
2023-04-23,186.7240802389529,49.41413141255714
2023-04-24,239.79597495978987,49.59887199145287
2023-04-25,272.8674534797894,51.62247821068251
2023-04-26,178.93851567454797,51.62927805524251
2023-04-27,250.00916143701056,51.43923902024101
2023-04-28,181.0793906774755,51.08179359743058
2023-04-29,157.14920332359802,50.901401915668174
2023-04-30,262.21859932039325,52.274250390344704
2023-05-01,146.2875786302386,50.0623884790152
2023-05-02,235.3561412328753,51.59582218031152
2023-05-03,283.42428712540925,50.17186502786138
2023-05-04,158.49201632231097,49.90521269862696
2023-05-05,250.55932885541534,49.4759682783283
2023-05-06,268.62622477392,50.06452154809902
2023-05-07,197.69270414438336,48.466397196215276
2023-05-08,176.75876705072184,48.928569862297216
2023-05-09,155.8244135942065,50.95287948558407
2023-05-10,283.8896438934585,49.589705480991256
2023-05-11,160.9544580844446,49.77941164860165
2023-05-12,239.01885632047103,49.11742947080504
2023-05-13,266.08283877217747,49.54331667699808
2023-05-14,182.14640562752965,49.562464454413835
2023-05-15,189.20955709181183,48.920977545369524
2023-05-16,172.27229338761796,49.4088498302406
2023-05-17,205.3346147548426,51.21319794002734
2023-05-18,159.39652145067075,51.02229414830004
2023-05-19,264.4580137495673,51.742052090448226
2023-05-20,153.51909194326544,50.44877913257706
2023-05-21,246.57975634075464,49.49234275575905
2023-05-22,227.64000726826782,49.96474903363942
2023-05-23,276.69984506926744,51.448865062175386
2023-05-24,208.75927010443152,51.804478410961046
2023-05-25,146.81828275163846,51.491420380437894
2023-05-26,285.8768834059514,51.49071178586125
2023-05-27,263.9350724796015,50.240304051891535
2023-05-28,211.99285040197114,50.8448193782469
2023-05-29,290.0502176195757,51.727152440570315
2023-05-30,181.10717459604516,51.275062107737234
2023-05-31,217.16372181210465,50.805019959977734
2023-06-01,287.2198597655545,51.07089818962978
2023-06-02,193.27558897124945,50.634178453589186
2023-06-03,265.3309099610771,50.568045838963364
2023-06-04,232.38582328393622,52.66776762812988
2023-06-05,284.440329505713,52.42074192738389
2023-06-06,181.49442920925847,52.062401775362666
2023-06-07,205.5481229943633,51.41485996972751
2023-06-08,268.6014114777336,52.159051941227446
2023-06-09,183.6542952929646,51.97782776800934
2023-06-10,207.7067750905146,51.32845472968791
2023-06-11,190.75885153767777,52.649758761960925
2023-06-12,232.81052531855627,54.069361766474564
2023-06-13,155.8617971340319,53.468938200735856
2023-06-14,206.9126677017367,51.60239824937524
2023-06-15,221.96313775602326,52.60991193921216
2023-06-16,197.01320804793394,51.925282113452155
2023-06-17,149.06287934516968,52.71590771261492
2023-06-18,204.11215243205785,50.745803894903084
2023-06-19,217.16102810951992,51.638401233202394
2023-06-20,293.2095071950376,50.427229303921614
2023-06-21,238.25759052261918,51.15799342298814
2023-06-22,208.30527894276455,51.172266490824576
2023-06-23,199.35257332242992,50.21832707142793
2023-06-24,262.3994745449915,49.81129075850115
2023-06-25,255.4459835102088,50.49760921545785
2023-06-26,219.49210113418718,50.60350366857308
2023-06-27,252.53782834933963,51.18791664904557
2023-06-28,202.58316610434787,53.164357233561056
2023-06-29,148.62811536412283,51.60011562185
2023-06-30,265.6726771097646,53.21732819681863
2023-07-01,151.71685233852116,53.321684134341844
2023-07-02,150.76064206374735,52.422900086018714
2023-07-03,150.80404731486217,51.092586460279726
2023-07-04,199.84706913730628,50.90346606950269
2023-07-05,192.88970859249798,51.82511618142715
2023-07-06,154.93196675778947,51.69756706104961
2023-07-07,244.97384472642156,53.20872199129696
2023-07-08,166.01534360747843,51.757546301245405
2023-07-09,268.0564645258411,51.74545735339935
2023-07-10,207.09720862214076,50.49306390898624
2023-07-11,269.13757705271126,50.8566957916112
2023-07-12,228.17757098954087,51.7435831817085
2023-07-13,208.21719162022328,51.32282138802745
2023-07-14,291.2564401479084,48.718607531400316
2023-07-15,149.29531779125207,48.91755567819681
2023-07-16,159.33382578436513,49.354294229930325
2023-07-17,266.37196537676243,49.75858898489202
2023-07-18,271.40973783331026,50.994371176714175
2023-07-19,235.44714443417396,49.92331749706513
2023-07-20,219.48418647476444,50.603533602515576
2023-07-21,214.52086526568434,51.79604111499355
2023-07-22,288.5571821326731,50.017453530987034
2023-07-23,247.5931384165523,50.33710535690601
2023-07-24,244.628735473169,49.83292552589834
2023-07-25,157.66397467333988,49.751402852796694
2023-07-26,251.69885740279392,50.09907933633503
2023-07-27,213.7333850621145,49.61185077222148
2023-07-28,269.76755906668126,48.93614269305987
2023-07-29,175.8013808466111,48.970295110547895
2023-07-30,283.8348518466983,47.883049171685094
2023-07-31,222.86797352635463,46.79722404279991
2023-08-01,155.9007473595485,47.476597325756416
2023-08-02,186.93317483474334,46.32780329059776
2023-08-03,171.96525745483584,46.99411579150697
2023-08-04,151.99699673709299,47.45670708436092
2023-08-05,286.0283942130893,45.73090035557033
2023-08-06,271.0594514286425,45.05333570323467
2023-08-07,185.0901699437495,46.24744510628204
2023-08-08,219.12055133252107,45.26627957514236
2023-08-09,280.15059718311664,44.801875312832976
2023-08-10,237.18030909767765,45.26393620608487
2023-08-11,293.2096886922612,46.04732671536747
2023-08-12,184.2387375967724,45.795787829322975
2023-08-13,207.26745745489671,45.19827763463133
2023-08-14,175.29584992403124,46.62064749632984
2023-08-15,228.3239166752157,48.35954716012742
2023-08-16,261.351659393063,49.338405210909215
2023-08-17,187.3790797756887,49.42372335347424
2023-08-18,192.40617953464053,48.61545763183331
2023-08-19,209.43296039482692,47.78501322527674
2023-08-20,240.4594240944452,48.3075273305425
2023-08-21,262.4855723849091,48.72592555143118
2023-08-22,214.51140703077587,50.12752414437761
2023-08-23,203.5369298096725,50.77797423691375
2023-08-24,187.56214251222204,49.27489393515393
2023-08-25,245.58704694196862,50.32684155287685
2023-08-26,187.6116449153025,49.328780925562434
2023-08-27,238.63593826138427,48.94480965361008
2023-08-28,180.65992882206876,49.19500985986178
2023-08-29,153.68361845182812,51.19067734964574
2023-08-30,294.70700901767464,54.3005959056511
2023-08-31,227.73010239908297,54.90731896478728
2023-09-01,239.7529004879117,54.72412234606689
2023-09-02,244.7754051883247,55.25862799454744
2023-09-03,206.79761841671152,56.14628342042128
2023-09-04,206.8195421016078,55.825615794864085
2023-09-05,195.84117818361472,57.62082715077641
2023-09-06,160.8625286153181,57.850897909967806
2023-09-07,254.88359536120734,58.3486409990592
2023-09-08,192.90438039759312,59.01456525111366
2023-09-09,236.92488571252542,59.43615186172811
2023-09-10,247.94511330571046,60.275092362197725
2023-09-11,154.96506518842742,59.6578391756508
2023-09-12,280.98474338344465,59.09953742170477
2023-09-13,193.00414992493543,57.99938318873307
2023-09-14,206.02328685839302,58.43888441935329
2023-09-15,179.0421562405457,59.21782092286541
2023-09-16,171.06076013927074,59.67559378901729
2023-09-17,286.0791006335086,61.35008622236483
2023-09-18,255.09717981317579,61.344490203535784
2023-09-19,187.11499977907846,62.0132318591283
2023-09-20,230.13256264282424,60.92153098298898
2023-09-21,248.14987052673453,60.53443128051458
2023-09-22,150.16692556375608,61.22996903808036
2023-09-23,225.183729897372,62.07907114882351
2023-09-24,160.2002856815125,61.78510420115933
2023-09-25,187.21659508046514,61.71350494930126
2023-09-26,161.23266026878457,60.19563120262045
2023-09-27,194.24848343120206,59.83860200181384
2023-09-28,261.2640667625343,60.728985165333626
2023-09-29,165.279412467592,61.30419018144019
2023-09-30,252.29452276108807,61.8048559028214
2023-10-01,246.3093998675452,61.85462959000236
2023-10-02,236.32404602120337,61.86169274863054
2023-10-03,257.33846346592645,61.20137160915709
2023-10-04,218.35265445510902,61.900200029359624
2023-10-05,222.36662125158225,62.321172973749015
2023-10-06,211.38036612751964,62.81319182174181
2023-10-07,208.39389136434235,62.28715697907423
2023-10-08,227.40719925262428,60.13381405920299
2023-10-09,185.42029209199634,61.230966770956684
2023-10-10,170.43317219105083,60.75212931494828
2023-10-11,296.4458418672452,59.889353550905156
2023-10-12,244.45830344680525,60.58283246281915
2023-10-13,216.47055926462878,60.19081982290002
2023-10-14,165.48261166418752,61.25075620694664
2023-10-15,160.49446299743016,61.86776215652334
2023-10-16,298.50611562468384,62.55133147972382
2023-10-17,293.51757191455613,61.185375768523286
2023-10-18,286.5288342438361,62.397319753909684
2023-10-19,266.53990499739547,62.65857028514354
2023-10-20,170.55078656808902,62.28929314589734
2023-10-21,268.5614813566551,62.43268161323959
2023-10-22,198.57199177161544,60.656446380341265
2023-10-23,162.58232022917474,61.065099191821936
2023-10-24,177.5924691531202,60.03572768363986
2023-10-25,273.6024409747203,58.683057397796325
2023-10-26,155.6122381326236,57.160698211578435
2023-10-27,177.621863072757,58.27338658656836
2023-10-28,287.63131824822415,57.64412319287557
2023-10-29,181.64060611920263,59.177850902792066
2023-10-30,282.64972915284216,58.64204943973977
2023-10-31,259.658689823161,56.934691482146825
2023-11-01,227.66749061094376,55.81816704219816
2023-11-02,206.6761340036371,57.053978662205104
2023-11-03,174.68462249524666,56.898080484268434
2023-11-04,177.6929585862331,56.349793187777834
2023-11-05,152.70114478340756,56.50981141363062
2023-11-06,247.7091835998276,57.011594149798164
2023-11-07,289.71707755469225,58.128992965700625
2023-11-08,187.72482917323705,59.57749219559355
2023-11-09,163.73244098662886,59.21772354980446
2023-11-10,267.73991553186045,57.891675863722426
2023-11-11,177.74725535164447,57.47821070259915
2023-11-12,223.7544629943081,57.73849120918204
2023-11-13,264.76154101368616,56.77473228297143
2023-11-14,180.76849196901523,55.81758136807638
2023-11-15,278.7753184248266,56.16136924962627
2023-11-16,232.78202295083983,56.112716898055815
2023-11-17,170.7886081218552,56.1455138934674
2023-11-18,175.79507651764672,55.38701855876733
2023-11-19,229.80143072285463,55.156617844561566
2023-11-20,274.80767332687753,54.23238470029326
2023-11-21,240.81380692376462,55.122583111418045
2023-11-22,169.8198341121075,56.157832446141796
2023-11-23,195.82575749493196,54.3116445839037
2023-11-24,249.83157967958948,53.38213372371129
2023-11-25,232.8373032776486,51.88560446862121
2023-11-26,154.842930904786,51.235580534214314
2023-11-27,295.8484651806777,51.152142564423954
2023-11-28,279.8539087288895,49.70249734472542
2023-11-29,149.8592641767684,48.78063753160011
2023-11-30,206.86453415533214,47.776680159518605
2023-12-01,272.86972129916035,47.98394748891755
2023-12-02,163.8748282462844,48.0532918259538
2023-12-03,212.87985763807754,47.33155427261654
2023-12-04,173.88481211914484,47.50837514475594
2023-12-05,172.88969433721297,46.96169506016867
2023-12-06,160.8945069430199,46.69003994984262
2023-12-07,166.89925259020444,48.36349204014116
2023-12-08,163.9039339351956,49.70395309193151
2023-12-09,175.90855363710193,48.40437185500391
2023-12-10,220.9131143576008,49.23410427288308
2023-12-11,208.91761876082717,50.045500827374674
2023-12-12,293.9220695132631,48.89723753862206
2023-12-13,241.92646928362623,49.71601518237692
2023-12-14,201.93082074275858,51.253947100789475
2023-12-15,156.93512656351544,50.13140229454506
2023-12-16,227.93938942065392,49.213899473530795
2023-12-17,175.94361199072137,50.231560940374294
2023-12-18,198.94779695194407,50.50305625119994
2023-12-19,279.95194698411547,51.054532526439466
2023-12-20,241.95606476848445,51.39512174283996
2023-12-21,172.96015298764385,51.78581766376811
2023-12-22,208.96421432541842,50.459345535457025
2023-12-23,270.9682514667531,51.506663242078474
2023-12-24,279.9722670976011,52.67625323450625
2023-12-25,296.9762639048122,52.44686249043822
2023-12-26,194.98024457602017,52.403385540624356
2023-12-27,163.98421179953164,50.872278038068636
2023-12-28,165.98816826421321,51.38653279408647
2023-12-29,274.99211665938026,51.958590235800614
2023-12-30,232.99605967468395,51.8963992188013
2023-12-31,158.0,53.020752578671804
